{
  "items": [
    {
      "id": 1,
      "name": "apple",
      "frequency": 5
    },
    {
      "id": 2,
      "name": "banana",
      "frequency": 3
    },
    {
      "id": 3,
      "name": "orange",
      "frequency": 7
    },
    {
      "id": 4,
      "name": "grapes",
      "frequency": 2
    },
    {
      "id": 5,
      "name": "mango",
      "frequency": 4
    },
    {
      "id": 6,
      "name": "carrot",
      "frequency": 6
    },
    {
      "id": 7,
      "name": "broccoli",
      "frequency": 3
    },
    {
      "id": 8,
      "name": "potato",
      "frequency": 8
    },
    {
      "id": 9,
      "name": "tomato",
      "frequency": 5
    },
    {
      "id": 10,
      "name": "lettuce",
      "frequency": 7
    },
    {
      "id": 11,
      "name": "pineapple",
      "frequency": 2
    },
    {
      "id": 12,
      "name": "blueberry",
      "frequency": 9
    },
    {
      "id": 13,
      "name": "kiwi",
      "frequency": 4
    },
    {
      "id": 14,
      "name": "avocado",
      "frequency": 6
    },
    {
      "id": 15,
      "name": "peach",
      "frequency": 3
    },
    {
      "id": 16,
      "name": "cucumber",
      "frequency": 4
    },
    {
      "id": 17,
      "name": "watermelon",
      "frequency": 5
    },
    {
      "id": 18,
      "name": "strawberry",
      "frequency": 10
    },
    {
      "id": 19,
      "name": "cherry",
      "frequency": 8
    },
    {
      "id": 20,
      "name": "lemon",
      "frequency": 3
    },
    {
      "id": 21,
      "name": "hammer",
      "frequency": 4
    },
    {
      "id": 22,
      "name": "wrench",
      "frequency": 2
    },
    {
      "id": 23,
      "name": "screwdriver",
      "frequency": 6
    },
    {
      "id": 24,
      "name": "pliers",
      "frequency": 5
    },
    {
      "id": 25,
      "name": "drill",
      "frequency": 3
    },
    {
      "id": 26,
      "name": "saw",
      "frequency": 4
    },
    {
      "id": 27,
      "name": "tape measure",
      "frequency": 5
    },
    {
      "id": 28,
      "name": "level",
      "frequency": 2
    },
    {
      "id": 29,
      "name": "paintbrush",
      "frequency": 3
    },
    {
      "id": 30,
      "name": "extension cord",
      "frequency": 7
    },
    {
      "id": 31,
      "name": "laptop",
      "frequency": 4
    },
    {
      "id": 32,
      "name": "tablet",
      "frequency": 5
    },
    {
      "id": 33,
      "name": "smartphone",
      "frequency": 9
    },
    {
      "id": 34,
      "name": "headphones",
      "frequency": 6
    },
    {
      "id": 35,
      "name": "monitor",
      "frequency": 3
    },
    {
      "id": 36,
      "name": "keyboard",
      "frequency": 4
    },
    {
      "id": 37,
      "name": "mouse",
      "frequency": 5
    },
    {
      "id": 38,
      "name": "charger",
      "frequency": 6
    },
    {
      "id": 39,
      "name": "camera",
      "frequency": 2
    },
    {
      "id": 40,
      "name": "microphone",
      "frequency": 3
    },
    {
      "id": 41,
      "name": "watch",
      "frequency": 4
    },
    {
      "id": 42,
      "name": "gloves",
      "frequency": 5
    },
    {
      "id": 43,
      "name": "jacket",
      "frequency": 6
    },
    {
      "id": 44,
      "name": "t-shirt",
      "frequency": 7
    },
    {
      "id": 45,
      "name": "jeans",
      "frequency": 8
    },
    {
      "id": 46,
      "name": "sneakers",
      "frequency": 9
    },
    {
      "id": 47,
      "name": "boots",
      "frequency": 5
    },
    {
      "id": 48,
      "name": "scarf",
      "frequency": 4
    },
    {
      "id": 49,
      "name": "socks",
      "frequency": 3
    },
    {
      "id": 50,
      "name": "suit",
      "frequency": 2
    },
    {
      "id": 51,
      "name": "sweater",
      "frequency": 6
    },
    {
      "id": 52,
      "name": "toothbrush",
      "frequency": 7
    },
    {
      "id": 53,
      "name": "toothpaste",
      "frequency": 8
    },
    {
      "id": 54,
      "name": "shampoo",
      "frequency": 5
    },
    {
      "id": 55,
      "name": "conditioner",
      "frequency": 6
    },
    {
      "id": 56,
      "name": "soap",
      "frequency": 4
    },
    {
      "id": 57,
      "name": "deodorant",
      "frequency": 3
    },
    {
      "id": 58,
      "name": "razor",
      "frequency": 5
    },
    {
      "id": 59,
      "name": "nail clippers",
      "frequency": 4
    },
    {
      "id": 60,
      "name": "cotton swabs",
      "frequency": 6
    },
    {
      "id": 61,
      "name": "bath towel",
      "frequency": 7
    },
    {
      "id": 62,
      "name": "hand towel",
      "frequency": 8
    },
    {
      "id": 63,
      "name": "dishwasher",
      "frequency": 3
    },
    {
      "id": 64,
      "name": "washing machine",
      "frequency": 4
    },
    {
      "id": 65,
      "name": "refrigerator",
      "frequency": 6
    },
    {
      "id": 66,
      "name": "microwave",
      "frequency": 5
    },
    {
      "id": 67,
      "name": "blender",
      "frequency": 2
    },
    {
      "id": 68,
      "name": "toaster",
      "frequency": 4
    },
    {
      "id": 69,
      "name": "coffee maker",
      "frequency": 6
    },
    {
      "id": 70,
      "name": "vacuum cleaner",
      "frequency": 3
    },
    {
      "id": 71,
      "name": "iron",
      "frequency": 5
    },
    {
      "id": 72,
      "name": "fan",
      "frequency": 4
    },
    {
      "id": 73,
      "name": "lamp",
      "frequency": 6
    },
    {
      "id": 74,
      "name": "light bulb",
      "frequency": 7
    },
    {
      "id": 75,
      "name": "flashlight",
      "frequency": 5
    },
    {
      "id": 76,
      "name": "batteries",
      "frequency": 6
    },
    {
      "id": 77,
      "name": "backpack",
      "frequency": 4
    },
    {
      "id": 78,
      "name": "umbrella",
      "frequency": 3
    },
    {
      "id": 79,
      "name": "notebook",
      "frequency": 7
    },
    {
      "id": 80,
      "name": "pen",
      "frequency": 8
    },
    {
      "id": 81,
      "name": "pencil",
      "frequency": 5
    },
    {
      "id": 82,
      "name": "eraser",
      "frequency": 4
    },
    {
      "id": 83,
      "name": "ruler",
      "frequency": 3
    },
    {
      "id": 84,
      "name": "stapler",
      "frequency": 6
    },
    {
      "id": 85,
      "name": "tape",
      "frequency": 7
    },
    {
      "id": 86,
      "name": "paper clips",
      "frequency": 5
    },
    {
      "id": 87,
      "name": "folder",
      "frequency": 6
    },
    {
      "id": 88,
      "name": "calculator",
      "frequency": 3
    },
    {
      "id": 89,
      "name": "scissors",
      "frequency": 4
    },
    {
      "id": 90,
      "name": "binder",
      "frequency": 5
    },
    {
      "id": 91,
      "name": "glue",
      "frequency": 6
    },
    {
      "id": 92,
      "name": "clipboard",
      "frequency": 4
    },
    {
      "id": 93,
      "name": "whiteboard",
      "frequency": 7
    },
    {
      "id": 94,
      "name": "marker",
      "frequency": 5
    },
    {
      "id": 95,
      "name": "post-it notes",
      "frequency": 6
    },
    {
      "id": 96,
      "name": "calendar",
      "frequency": 3
    },
    {
      "id": 97,
      "name": "map",
      "frequency": 4
    },
    {
      "id": 98,
      "name": "camera bag",
      "frequency": 5
    },
    {
      "id": 99,
      "name": "tripod",
      "frequency": 6
    },
    {
      "id": 100,
      "name": "sunglasses",
      "frequency": 7
    },
    {
      "id": "2505",
      "name": "apples",
      "frequency": 1
    },
    {
      "id": "336f",
      "name": "apple",
      "frequency": 1
    },
    {
      "id": "33c8",
      "name": "apple",
      "frequency": 1
    },
    {
      "id": "15d7",
      "name": "playstation",
      "frequency": 1
    },
    {
      "id": "d2cc",
      "name": "banana",
      "frequency": 1
    }
  ]
}